strategy,symbol,timeframe,n_trades,win_rate,total_return,cagr,sharpe,sortino,max_dd,profit_factor,avg_win,avg_loss,final_capital
Stochastic,XAGUSD,D1,11,81.82,137.62,467.98,3.0033,16.1869,-15.85,4.27,12.3567,8.2674,23761.58
Parabolic_SAR,XRPUSD,D1,12,66.67,85.96,244.94,2.7278,7.0151,-4.07,6.44,9.495,2.5131,18596.18
Bollinger,GBPJPY,D1,5,100.0,4.95,10.19,2.7194,0.0,0.0,inf,0.9729,0.0,10495.19
Stochastic,CADJPY,D1,9,66.67,4.98,10.25,2.2461,3.6211,-1.02,3.01,1.2102,0.7801,10498.17
Swing_SR,GBPJPY,H4,19,78.95,3.56,7.28,2.2375,3.1744,-1.48,2.3,0.4122,0.6643,10356.36
Bollinger,EURGBP,D1,8,75.0,1.87,3.79,2.1594,0.0,-0.54,4.07,0.4102,0.3,10187.07
EMA_Cross,XAUUSD,D1,4,75.0,13.42,28.74,2.0103,0.0,-2.16,6.66,5.0477,2.156,11341.54
EMA_Cross,EURUSD,D1,6,66.67,3.15,6.42,1.999,1.4984,-0.67,4.17,1.0257,0.4882,10315.12
Bollinger,GBPCHF,D1,3,66.67,1.65,3.34,1.9766,0.0,0.0,5.93,0.9886,0.3285,10165.19
Swing_SR,NZDJPY,D1,3,100.0,4.18,8.56,1.9745,0.0,0.0,inf,1.3747,0.0,10417.78
RSI,USDCAD,D1,3,66.67,1.46,2.96,1.9643,0.0,0.0,9.28,0.8166,0.1739,10146.29
Stochastic,NZDJPY,D1,9,77.78,7.11,14.78,1.9633,9.2588,-1.47,3.42,1.3992,1.4129,10710.86
EMA_Cross,USDCAD,D1,9,55.56,2.79,5.68,1.9625,4.8082,-1.33,3.07,0.8222,0.3342,10279.3
Stochastic,GBPUSD,D1,7,71.43,4.9,10.08,1.9554,8.9619,-1.1,3.24,1.3898,1.0526,10490.06
Stochastic,NZDJPY,H4,60,60.0,6.82,14.15,1.9429,3.2728,-1.59,1.47,0.5793,0.5896,10681.73
RSI,EURUSD,D1,6,83.33,3.51,7.17,1.8969,0.0,-0.7,6.0,0.8358,0.7019,10351.15
RSI,NZDJPY,H4,20,65.0,3.49,7.12,1.8754,4.1874,-1.98,1.86,0.5699,0.564,10348.69
MACD,USDCAD,D1,8,62.5,2.59,5.27,1.818,1.6843,-1.37,2.65,0.8264,0.5167,10259.27
EMA_Cross,USDCHF,H4,34,55.88,4.02,8.22,1.7815,2.1262,-2.63,1.62,0.5411,0.42,10401.54
Stochastic,GBPUSD,H4,53,60.38,4.58,9.4,1.7807,2.6578,-1.87,1.48,0.4343,0.4459,10458.02
EMA_Cross,ETHUSD,D1,6,83.33,29.83,68.37,1.6552,0.0,-8.94,3.72,7.3927,8.941,12982.85
MACD,AUDUSD,H4,59,47.46,5.58,11.51,1.6271,3.3252,-2.55,1.38,0.7042,0.4571,10557.81
Stochastic,EURUSD,H4,58,55.17,3.76,7.68,1.6201,4.095,-1.94,1.38,0.4189,0.3718,10375.82
EMA_Cross,USDJPY,D1,6,66.67,3.28,6.68,1.5888,0.9124,-1.16,2.88,1.2418,0.8514,10327.62
Parabolic_SAR,GBPAUD,D1,12,58.33,4.46,9.16,1.5693,4.5887,-1.6,1.98,1.2733,0.8935,10446.49
Swing_SR,GBPUSD,H4,17,70.59,2.36,4.79,1.5631,1.2693,-1.33,1.84,0.4262,0.5525,10235.7
Stochastic,EURJPY,D1,5,80.0,2.63,5.35,1.558,0.0,-0.92,3.82,0.8849,0.9189,10263.05
Parabolic_SAR,USDJPY,H4,69,44.93,3.16,6.43,1.4971,2.2229,-2.59,1.28,0.4512,0.2848,10315.56
MACD,EURCHF,D1,9,55.56,2.39,4.85,1.4843,0.7646,-0.82,2.8,0.7413,0.3319,10238.84
EMA_Cross,EURCHF,D1,6,50.0,1.63,3.31,1.4576,0.9927,-0.76,2.96,0.8226,0.2785,10163.36
Bollinger,CADJPY,D1,6,66.67,2.65,5.39,1.4106,12.4791,-1.57,2.63,1.0559,0.7856,10265.27
RSI,XAGUSD,D1,2,100.0,30.32,70.14,1.3977,0.0,0.0,inf,14.4526,0.0,13031.87
Swing_SR,XAGUSD,D1,2,50.0,9.93,20.92,1.3977,0.0,0.0,2.15,18.5895,7.3025,10992.94
Swing_SR,CADJPY,D1,2,50.0,-0.13,-0.27,1.3923,0.0,0.0,0.89,1.1026,1.2231,9986.6
RSI,NZDUSD,D1,2,100.0,2.66,5.42,1.3923,0.0,0.0,inf,1.3242,0.0,10266.46
Swing_SR,AUDUSD,D1,2,100.0,2.22,4.5,1.3923,0.0,0.0,inf,1.106,0.0,10221.61
RSI,GBPJPY,D1,1,100.0,1.09,2.2,1.3923,0.0,0.0,inf,1.0927,0.0,10109.27
RSI,GBPCHF,D1,1,100.0,0.96,1.93,1.3923,0.0,0.0,inf,0.9595,0.0,10095.95
Swing_SR,EURAUD,D1,1,100.0,1.09,2.21,1.3923,0.0,0.0,inf,1.0944,0.0,10109.44
RSI,GBPUSD,D1,1,100.0,1.29,2.61,1.3923,0.0,0.0,inf,1.2923,0.0,10129.23
RSI,EURGBP,D1,1,100.0,0.78,1.57,1.3923,0.0,0.0,inf,0.7792,0.0,10077.92
Swing_SR,EURCHF,D1,2,100.0,1.36,2.75,1.3923,0.0,0.0,inf,0.6773,0.0,10135.89
RSI,XAUUSD,D1,3,66.67,11.33,24.04,1.337,0.0,-4.3,3.26,7.8616,4.3048,11133.18
EMA_Cross,EURAUD,D1,4,75.0,2.38,4.84,1.3272,0.0,-1.29,2.82,1.2268,1.294,10238.32
EMA_Cross,BTCUSD,D1,6,66.67,12.08,25.56,1.3195,1.2358,-6.14,2.84,4.5474,3.1171,11207.91
EMA_Cross,USDCAD,H4,20,55.0,1.25,2.53,1.3084,1.3028,-1.03,1.59,0.3065,0.2351,10125.48
Parabolic_SAR,EURGBP,D1,11,63.64,1.73,3.51,1.292,1.2138,-1.71,1.89,0.5277,0.4896,10173.26
MACD,USDCHF,D1,9,44.44,3.06,6.23,1.2855,1.1192,-1.46,2.06,1.4792,0.5695,10305.94
Swing_SR,ETHUSD,D1,4,75.0,23.62,52.69,1.2587,0.0,-9.9,2.93,11.1351,9.9009,12362.01
Stochastic,USDCHF,H4,57,54.39,3.28,6.69,1.2542,3.9543,-1.47,1.27,0.4848,0.4513,10327.71
EMA_Cross,GBPCHF,D1,5,60.0,1.69,3.43,1.2062,8.9204,-0.66,2.31,0.9923,0.6392,10169.33
Swing_SR,GBPJPY,H1,50,70.0,1.45,2.93,1.188,1.2811,-1.42,1.3,0.177,0.3161,10145.0
RSI,GBPUSD,H4,23,52.17,1.89,3.82,1.1312,2.5756,-1.67,1.43,0.5236,0.3989,10188.69
RSI,EURJPY,D1,3,66.67,1.2,2.42,1.0843,0.0,-0.72,2.66,0.9644,0.7234,10120.05
Stochastic,AUDUSD,D1,8,62.5,3.91,8.01,1.0064,2.5975,-1.61,1.88,1.6491,1.4332,10391.38
MACD,XAUUSD,H1,219,43.38,11.12,23.72,0.9805,1.8966,-10.22,1.13,0.9477,0.6336,11112.27
Stochastic,AUDUSD,H4,58,50.0,3.64,7.43,0.9767,2.5534,-3.3,1.21,0.7224,0.5945,10363.53
EMA_Cross,CADJPY,H4,28,50.0,1.04,2.1,0.9373,0.8262,-1.49,1.21,0.417,0.3415,10103.95
MACD,ETHUSD,D1,11,63.64,26.65,60.23,0.9338,0.3699,-15.67,2.09,7.0141,5.6716,12664.51
EMA_Cross,GBPAUD,D1,5,60.0,1.69,3.42,0.9258,0.5337,-1.25,1.86,1.2211,0.9762,10169.22
Stochastic,XAUUSD,D1,11,54.55,13.52,28.99,0.9247,1.7655,-8.15,1.56,5.9562,4.2883,11352.27
Parabolic_SAR,XAUUSD,H4,58,43.1,7.96,16.62,0.9137,1.8347,-8.21,1.18,1.9928,1.2507,10796.28
RSI,ETHUSD,D1,3,66.67,15.58,33.51,0.8993,0.0,-8.62,2.43,12.6376,8.6218,11557.99
EMA_Cross,EURCHF,H4,32,56.25,0.66,1.32,0.8941,1.1009,-0.98,1.18,0.2387,0.2593,10065.75
Parabolic_SAR,USDCAD,D1,13,53.85,1.48,2.99,0.8586,1.8688,-1.7,1.38,0.7707,0.6482,10147.95
Parabolic_SAR,XAGUSD,D1,7,42.86,15.23,32.92,0.855,1.5459,-11.5,1.4,16.8806,7.7036,11523.48
Swing_SR,XAUUSD,H4,9,66.67,3.58,7.31,0.8522,1.5224,-5.3,1.49,1.7774,2.3222,10357.73
MACD,XAGUSD,D1,9,44.44,14.36,30.91,0.8484,0.6045,-19.17,1.48,11.7005,5.8722,11436.3
Swing_SR,EURJPY,H1,46,69.57,0.99,2.0,0.8223,0.9722,-1.43,1.23,0.1656,0.3072,10098.94
EMA_Cross,AUDJPY,D1,4,75.0,2.4,4.87,0.8146,0.0,-1.62,2.46,1.3434,1.6164,10239.92
Stochastic,NZDUSD,D1,8,62.5,3.66,7.48,0.8082,4.2681,-1.69,1.74,1.7106,1.6135,10366.15
Bollinger,NZDJPY,D1,4,75.0,2.13,4.32,0.8062,0.0,-1.42,2.5,1.1875,1.4194,10213.21
Swing_SR,XAGUSD,H1,44,54.55,7.96,16.71,0.7989,1.0031,-20.48,1.15,2.2714,2.2739,10795.97
MACD,NZDUSD,D1,9,44.44,2.27,4.61,0.7694,0.7308,-2.97,1.48,1.746,0.929,10227.22
RSI,XRPUSD,H4,26,50.0,12.03,25.45,0.7558,1.0321,-11.16,1.28,4.1775,3.1388,11203.0
Swing_SR,CADJPY,H4,11,54.55,1.05,2.13,0.751,0.6317,-0.92,1.41,0.6036,0.5103,10105.44
Stochastic,GBPJPY,D1,6,50.0,1.34,2.71,0.7382,2.8938,-1.18,1.56,1.2395,0.7832,10134.08
RSI,XAUUSD,H4,25,40.0,5.76,11.89,0.7175,2.2926,-6.47,1.25,2.8862,1.5002,10575.89
RSI,USDCHF,D1,3,66.67,1.83,3.71,0.7094,0.0,-0.83,3.22,1.331,0.8253,10182.94
Bollinger,EURJPY,D1,6,50.0,1.23,2.48,0.6837,0.4245,-1.4,1.53,1.1728,0.756,10122.57
Parabolic_SAR,NZDJPY,D1,14,42.86,1.79,3.63,0.6758,0.4472,-2.92,1.3,1.3051,0.7449,10179.29
Swing_SR,USDJPY,H4,12,58.33,1.0,2.02,0.6632,0.8856,-1.67,1.32,0.5843,0.614,10100.27
MACD,BTCUSD,H4,76,50.0,9.03,18.83,0.6585,0.7763,-14.45,1.11,2.4345,2.1455,10902.75
MACD,EURGBP,D1,13,46.15,0.98,1.97,0.6482,0.804,-1.71,1.31,0.6947,0.4535,10097.62
EMA_Cross,XAUUSD,H4,25,48.0,3.16,6.44,0.6346,0.6751,-11.32,1.15,2.0762,1.6355,10316.1
MACD,AUDJPY,H4,60,43.33,1.95,3.95,0.6334,1.0278,-4.1,1.13,0.6451,0.4337,10194.81
Swing_SR,EURCHF,H1,64,70.31,0.61,1.22,0.6193,0.653,-1.12,1.13,0.1133,0.2361,10060.5
Swing_SR,EURGBP,D1,4,75.0,0.65,1.3,0.6174,0.0,-1.02,1.62,0.5591,1.0225,10064.61
EMA_Cross,AUDUSD,D1,8,37.5,1.45,2.93,0.6172,1.1708,-1.51,1.41,1.6707,0.7029,10145.18
Parabolic_SAR,EURAUD,D1,12,50.0,1.57,3.18,0.6164,0.5744,-3.19,1.35,1.0024,0.7322,10157.06
Parabolic_SAR,AUDJPY,D1,11,45.45,1.57,3.18,0.6132,0.573,-3.64,1.25,1.5747,1.0337,10157.07
Parabolic_SAR,EURUSD,H4,68,41.18,0.87,1.76,0.6087,0.9768,-4.02,1.08,0.4262,0.2755,10087.14
MACD,EURAUD,D1,10,50.0,1.45,2.93,0.5935,0.354,-3.03,1.37,1.0724,0.7732,10145.13
MACD,XRPUSD,D1,11,63.64,14.42,30.84,0.5871,0.2106,-17.9,1.58,5.8699,6.2658,11441.6
Stochastic,USDCHF,D1,7,57.14,2.2,4.46,0.5559,1.2601,-2.56,1.6,1.4682,1.2107,10219.64
Parabolic_SAR,GBPCHF,H4,67,47.76,1.06,2.15,0.5308,0.8363,-1.53,1.11,0.3481,0.2869,10106.44
Stochastic,XAGUSD,H4,57,43.86,6.25,12.94,0.5228,0.831,-26.9,1.05,5.5295,3.8856,10625.24
Bollinger,XRPUSD,D1,8,62.5,7.01,14.47,0.519,0.3247,-10.44,1.31,6.0245,7.1457,10700.67
MACD,XAUUSD,H4,71,38.03,3.29,6.7,0.5114,1.0728,-14.91,1.06,2.0438,1.1575,10328.55
Swing_SR,EURUSD,H4,15,66.67,0.75,1.5,0.5046,0.369,-1.78,1.23,0.4039,0.6549,10074.62
Bollinger,AUDJPY,D1,5,60.0,1.41,2.85,0.4979,0.5521,-1.62,1.49,1.4336,1.4194,10140.89
Bollinger,GBPUSD,D1,5,60.0,0.85,1.72,0.4973,3.3391,-1.14,1.38,1.0377,1.1166,10085.32
Bollinger,AUDUSD,D1,8,50.0,1.57,3.18,0.4912,0.1801,-1.38,1.57,1.0858,0.6827,10157.36
Bollinger,GBPUSD,H4,41,51.22,1.11,2.24,0.4808,0.8115,-2.24,1.13,0.4564,0.4219,10110.78
Swing_SR,EURJPY,H4,19,63.16,0.77,1.56,0.4703,0.5098,-1.56,1.18,0.4262,0.6164,10077.43
RSI,EURGBP,H4,22,54.55,0.29,0.58,0.461,1.0955,-0.81,1.11,0.2502,0.2707,10028.83
Swing_SR,NZDUSD,H1,57,63.16,0.92,1.86,0.436,0.5624,-3.05,1.09,0.2992,0.4671,10092.23
RSI,CADJPY,D1,2,50.0,0.51,1.02,0.4334,0.0,-0.89,1.57,1.4111,0.89,10050.85
MACD,AUDUSD,D1,8,37.5,1.07,2.16,0.4281,0.3044,-1.75,1.27,1.7206,0.806,10107.08
MACD,GBPJPY,H4,50,44.0,0.47,0.95,0.4188,0.3837,-2.0,1.06,0.407,0.3017,10047.11
Stochastic,XRPUSD,H4,76,50.0,6.06,12.45,0.4045,0.7319,-22.88,1.05,3.4009,3.1091,10605.57
Stochastic,EURGBP,D1,9,44.44,0.38,0.76,0.3452,1.2046,-1.14,1.16,0.6979,0.4792,10037.98
Swing_SR,GBPUSD,H1,46,65.22,0.48,0.96,0.3337,0.3905,-1.49,1.08,0.2108,0.3642,10047.67
Stochastic,LTCUSD,H4,69,47.83,3.95,8.03,0.3241,0.6803,-23.21,1.04,2.9765,2.5336,10394.53
Swing_SR,XRPUSD,H4,15,60.0,3.31,6.71,0.3237,0.2923,-13.36,1.11,3.8025,4.9167,10330.53
RSI,GBPJPY,H4,23,56.52,0.38,0.77,0.314,0.4243,-2.29,1.08,0.4121,0.4951,10038.12
Bollinger,GBPAUD,D1,8,50.0,0.62,1.25,0.2943,0.5811,-2.22,1.15,1.175,1.0079,10062.06
EMA_Cross,USDJPY,H4,34,38.24,0.32,0.65,0.2863,0.4955,-2.82,1.05,0.5146,0.3017,10032.42
RSI,AUDUSD,D1,3,66.67,0.65,1.31,0.2683,0.0,-1.49,1.44,1.0826,1.4863,10065.06
Swing_SR,ETHUSD,H4,17,58.82,2.35,4.75,0.2614,0.2796,-14.79,1.07,3.4637,4.4165,10235.42
Stochastic,NZDUSD,H4,62,50.0,0.76,1.53,0.2576,0.5651,-5.94,1.04,0.5977,0.5694,10075.9
Swing_SR,XRPUSD,D1,3,66.67,2.28,4.6,0.2572,0.0,-12.25,1.16,7.978,12.2541,10227.77
Stochastic,XAUUSD,H4,62,43.55,1.68,3.4,0.2558,0.2761,-13.65,1.03,2.3888,1.7465,10168.14
Parabolic_SAR,XAUUSD,D1,11,36.36,1.48,3.0,0.2452,0.1449,-10.75,1.08,4.6648,2.3313,10148.29
Bollinger,XAUUSD,H4,41,36.59,0.8,1.62,0.2449,0.3337,-11.12,1.02,3.0852,1.68,10080.37
Stochastic,EURUSD,D1,8,50.0,0.99,2.0,0.2344,0.6409,-1.89,1.28,1.1404,0.8826,10099.21
RSI,USDJPY,D1,4,25.0,0.07,0.13,0.2067,6.475,-0.66,1.04,1.5953,0.504,10006.62
RSI,EURJPY,H4,19,52.63,0.28,0.56,0.2057,0.2686,-1.64,1.07,0.4352,0.4501,10028.11
Bollinger,EURAUD,H4,33,51.52,0.34,0.69,0.1917,0.3277,-2.53,1.05,0.4514,0.4558,10034.19
Bollinger,EURAUD,D1,8,50.0,0.48,0.97,0.1647,0.3015,-3.62,1.11,1.27,1.1307,10048.45
MACD,GBPAUD,D1,11,45.45,0.31,0.62,0.1595,0.1664,-2.09,1.07,1.016,0.7878,10030.67
EMA_Cross,XRPUSD,D1,8,50.0,0.61,1.22,0.1497,0.1046,-23.02,1.02,6.9334,6.3141,10061.01
Parabolic_SAR,XRPUSD,H4,86,40.7,-1.37,-2.71,0.1369,0.1915,-26.16,0.99,3.1301,2.1029,9863.09
Stochastic,AUDJPY,D1,9,55.56,0.6,1.22,0.1222,0.1607,-3.6,1.1,1.387,1.5548,10060.37
Bollinger,NZDUSD,D1,5,60.0,1.17,2.37,0.1076,0.3235,-3.19,1.36,1.4823,1.6063,10117.21
Parabolic_SAR,XAGUSD,H4,66,42.42,-2.45,-4.86,0.1066,0.1959,-25.02,0.98,5.0099,3.5652,9754.69
Bollinger,BTCUSD,D1,12,50.0,4.73,9.67,0.1061,0.2688,-14.22,1.15,6.194,5.0742,10473.34
Stochastic,BTCUSD,H4,82,48.78,-1.01,-2.0,0.0987,0.1841,-17.56,0.99,2.4117,2.257,9899.15
Bollinger,USDJPY,H4,33,48.48,0.22,0.44,0.091,0.093,-3.42,1.03,0.4479,0.4063,10021.99
Bollinger,XRPUSD,H4,52,50.0,-0.7,-1.4,0.0832,0.1571,-15.89,0.99,3.0623,2.9746,9929.55
RSI,NZDUSD,H4,24,45.83,0.14,0.27,0.0798,0.2301,-2.75,1.02,0.7275,0.601,10013.55
MACD,EURUSD,D1,13,38.46,0.08,0.17,0.0728,0.0604,-2.73,1.02,1.0346,0.63,10008.5
RSI,AUDUSD,H4,20,45.0,0.07,0.14,0.0552,0.1109,-1.28,1.01,0.7276,0.5847,10007.22
EMA_Cross,NZDJPY,H4,39,43.59,0.07,0.14,0.0532,0.0714,-3.11,1.01,0.5928,0.4522,10007.18
MACD,XAUUSD,D1,9,44.44,0.86,1.73,0.0402,0.018,-8.77,1.06,4.1721,3.0148,10085.6
RSI,EURCHF,H4,24,54.17,0.03,0.06,0.0373,0.0973,-0.9,1.01,0.2981,0.3483,10003.04
Swing_SR,NZDUSD,D1,1,0.0,-0.05,-0.1,0.0,0.0,0.0,0.0,0.0,0.05,9995.0
Swing_SR,XAUUSD,D1,1,0.0,-1.03,-2.06,0.0,0.0,0.0,0.0,0.0,1.0315,9896.85
Swing_SR,BTCUSD,D1,0,0.0,0.0,0.0,0.0,0.0,0.0,0.0,0.0,0.0,10000.0
Swing_SR,GBPUSD,D1,1,0.0,-0.04,-0.07,0.0,0.0,0.0,0.0,0.0,0.036,9996.4
Swing_SR,AUDJPY,D1,1,100.0,0.6,1.21,0.0,0.0,0.0,inf,0.599,0.0,10059.9
Swing_SR,GBPJPY,D1,1,0.0,-1.44,-2.87,0.0,0.0,0.0,0.0,0.0,1.441,9855.9
Swing_SR,EURUSD,D1,1,0.0,-0.34,-0.69,0.0,0.0,0.0,0.0,0.0,0.342,9965.8
Swing_SR,EURJPY,D1,0,0.0,0.0,0.0,0.0,0.0,0.0,0.0,0.0,0.0,10000.0
Swing_SR,USDCAD,H4,15,60.0,-0.01,-0.03,-0.0036,-0.0018,-2.01,0.99,0.2721,0.4086,9998.58
Bollinger,EURUSD,H4,46,50.0,-0.09,-0.17,-0.032,-0.0621,-1.38,0.99,0.3765,0.3783,9991.28
Stochastic,ETHUSD,H4,77,44.16,-6.1,-11.81,-0.0335,-0.0603,-29.23,0.95,3.788,3.0178,9389.73
EMA_Cross,USDCHF,D1,8,37.5,-0.15,-0.3,-0.0398,-0.0379,-3.05,0.97,1.4481,0.8877,9985.28
MACD,AUDJPY,D1,10,50.0,-0.27,-0.55,-0.0608,-0.0328,-4.12,0.95,1.1265,1.1634,9972.67
Swing_SR,AUDUSD,H1,52,63.46,-0.28,-0.55,-0.0707,-0.1063,-5.23,0.97,0.298,0.5297,9972.36
Swing_SR,GBPAUD,H1,57,63.16,-0.15,-0.31,-0.0879,-0.1441,-1.84,0.98,0.1871,0.3271,9984.71
EMA_Cross,XAGUSD,H4,35,37.14,-7.72,-14.89,-0.0924,-0.0989,-27.98,0.89,5.093,3.2263,9228.11
MACD,LTCUSD,D1,9,44.44,-2.18,-4.3,-0.0949,-0.0529,-8.88,0.89,4.7501,4.0338,9782.14
Bollinger,ETHUSD,D1,9,44.44,-4.94,-9.61,-0.1002,-0.0962,-15.84,0.86,8.4263,7.1601,9506.49
Swing_SR,NZDJPY,H4,9,66.67,-0.25,-0.5,-0.1023,-0.0729,-1.72,0.94,0.6288,1.3271,9975.15
RSI,GBPAUD,D1,4,50.0,-0.22,-0.44,-0.1145,-0.7176,-2.41,0.91,1.1142,1.2104,9978.1
MACD,LTCUSD,H4,86,39.53,-4.29,-8.37,-0.1779,-0.2168,-27.05,0.96,2.8829,1.9127,9571.3
Swing_SR,GBPAUD,D1,2,50.0,-0.26,-0.53,-0.1866,0.0,-1.41,0.81,1.1636,1.4094,9973.77
Parabolic_SAR,CADJPY,D1,11,36.36,-0.59,-1.17,-0.1901,-0.2826,-5.16,0.9,1.3757,0.8603,9941.35
Bollinger,AUDJPY,H4,33,42.42,-0.66,-1.33,-0.1938,-0.5158,-4.99,0.94,0.7742,0.6005,9933.63
Stochastic,LTCUSD,H1,295,50.85,-8.58,-16.4,-0.1997,-0.3031,-36.46,0.96,1.3625,1.4462,9141.68
MACD,XAGUSD,H4,63,38.1,-11.38,-21.54,-0.2006,-0.2815,-27.3,0.89,4.3799,2.885,8861.54
Bollinger,GBPJPY,H4,35,54.29,-0.37,-0.74,-0.2109,-0.3667,-1.61,0.95,0.381,0.4731,9963.01
Parabolic_SAR,USDCHF,D1,13,30.77,-0.65,-1.3,-0.2145,-0.2073,-3.52,0.89,1.3519,0.6661,9935.05
Stochastic,USDCAD,D1,11,45.45,-0.43,-0.86,-0.2299,-0.4543,-1.74,0.89,0.7292,0.6746,9956.85
Stochastic,AUDUSD,H1,231,48.05,-0.89,-1.78,-0.2323,-0.362,-4.82,0.97,0.3061,0.2896,9911.0
EMA_Cross,NZDUSD,D1,8,37.5,-0.78,-1.57,-0.2451,-0.2491,-4.1,0.86,1.6864,1.1534,9921.56
RSI,CADJPY,H4,22,45.45,-0.53,-1.07,-0.2665,-0.2424,-1.99,0.9,0.4966,0.4561,9946.53
Parabolic_SAR,AUDUSD,H4,68,41.18,-1.26,-2.51,-0.2976,-0.5039,-6.01,0.94,0.7069,0.5229,9874.02
Stochastic,EURCHF,H4,50,52.0,-0.5,-1.0,-0.3067,-0.5353,-1.55,0.93,0.2676,0.3099,9949.92
Parabolic_SAR,NZDUSD,H4,68,38.24,-1.22,-2.43,-0.3181,-0.4533,-4.15,0.93,0.6716,0.4423,9878.02
MACD,USDJPY,H4,58,43.1,-0.74,-1.48,-0.3199,-0.4391,-3.69,0.93,0.4152,0.3356,9925.74
RSI,XAUUSD,H1,99,41.41,-4.13,-8.16,-0.321,-0.3356,-10.94,0.93,1.3282,0.996,9587.03
Bollinger,GBPCHF,H4,40,50.0,-0.5,-1.0,-0.3323,-0.4719,-2.0,0.93,0.3162,0.3396,9950.26
EMA_Cross,XAGUSD,D1,10,40.0,-14.31,-26.65,-0.3374,-0.1524,-35.28,0.71,11.3776,9.0336,8569.17
Parabolic_SAR,EURJPY,H4,73,45.21,-0.82,-1.64,-0.338,-0.4682,-4.0,0.93,0.358,0.3148,9917.85
MACD,EURUSD,H4,56,41.07,-0.43,-0.86,-0.3497,-0.5404,-2.64,0.96,0.4083,0.2964,9957.18
EMA_Cross,GBPUSD,H4,38,44.74,-0.8,-1.6,-0.377,-0.8625,-3.69,0.91,0.4664,0.4138,9920.17
Parabolic_SAR,NZDJPY,H4,65,44.62,-1.36,-2.72,-0.3832,-0.4789,-7.17,0.92,0.5526,0.4805,9863.69
RSI,LTCUSD,H4,29,41.38,-6.86,-13.22,-0.388,-0.5389,-22.16,0.86,3.7434,2.948,9314.43
EMA_Cross,EURUSD,H4,36,41.67,-0.57,-1.14,-0.3916,-0.4719,-1.81,0.91,0.4064,0.3164,9942.8
Swing_SR,NZDUSD,H4,15,60.0,-1.17,-2.33,-0.3964,-0.3218,-4.24,0.84,0.7067,1.2434,9883.22
Parabolic_SAR,BTCUSD,D1,15,46.67,-9.07,-17.29,-0.4253,-0.2223,-24.74,0.75,4.5084,4.8699,9092.77
RSI,GBPUSD,H1,80,48.75,-0.59,-1.18,-0.4425,-0.657,-2.48,0.94,0.2265,0.2294,9940.89
Bollinger,USDCHF,D1,7,42.86,-1.09,-2.18,-0.456,-0.9144,-2.55,0.77,1.2048,1.166,9890.55
RSI,BTCUSD,H4,29,44.83,-6.47,-12.49,-0.4637,-0.4409,-13.83,0.82,2.5347,2.4132,9353.24
Bollinger,LTCUSD,H4,64,46.88,-12.48,-23.36,-0.4729,-0.6531,-24.71,0.86,2.738,2.7155,8751.81
Parabolic_SAR,EURCHF,D1,17,47.06,-0.53,-1.07,-0.4746,-0.5433,-2.47,0.88,0.4869,0.4891,9946.77
RSI,EURAUD,D1,5,40.0,-1.04,-2.07,-0.4782,-1.4298,-3.65,0.72,1.3489,1.2326,9896.35
Bollinger,XAUUSD,D1,6,66.67,-0.51,-1.03,-0.4903,-0.317,-5.21,0.94,2.1865,4.4624,9948.62
MACD,ETHUSD,H4,88,42.05,-12.81,-23.94,-0.496,-0.6486,-28.38,0.88,3.0795,2.4249,8718.69
Stochastic,ETHUSD,D1,12,41.67,-16.13,-29.6,-0.5061,-0.3579,-31.85,0.66,8.4468,7.8915,8387.17
MACD,USDCAD,H4,64,42.19,-0.66,-1.31,-0.5172,-0.9699,-2.72,0.93,0.3036,0.2387,9934.28
Swing_SR,USDCHF,H1,50,58.0,-0.87,-1.74,-0.5279,-0.8072,-2.11,0.89,0.2525,0.3891,9912.8
Swing_SR,LTCUSD,D1,2,50.0,-5.73,-11.11,-0.529,0.0,-10.32,0.47,5.1155,10.3187,9426.9
Stochastic,USDJPY,D1,8,25.0,-1.4,-2.79,-0.5301,-0.5907,-4.33,0.7,1.6202,0.7671,9860.05
MACD,NZDUSD,H4,58,39.66,-2.2,-4.36,-0.5376,-0.7003,-3.68,0.87,0.6821,0.5086,9780.13
Swing_SR,GBPAUD,H4,8,50.0,-0.58,-1.17,-0.5597,-0.5632,-1.12,0.74,0.4133,0.5571,9941.63
MACD,GBPUSD,D1,11,45.45,-0.84,-1.68,-0.5662,-0.6354,-3.44,0.84,0.9211,0.8997,9915.71
Bollinger,AUDUSD,H4,46,45.65,-1.74,-3.47,-0.5763,-1.2784,-3.82,0.88,0.6181,0.5853,9825.78
RSI,USDCHF,H4,25,40.0,-1.21,-2.41,-0.6265,-2.2789,-3.7,0.83,0.5749,0.462,9879.21
MACD,XRPUSD,H4,79,37.97,-15.65,-28.8,-0.633,-0.7737,-40.55,0.85,3.239,2.2595,8435.34
Stochastic,EURJPY,H4,57,49.12,-1.4,-2.79,-0.6433,-1.1158,-2.34,0.88,0.3582,0.393,9859.78
Swing_SR,XRPUSD,H1,68,60.29,-10.27,-19.44,-0.6472,-0.663,-17.58,0.85,1.4423,2.5337,8973.29
MACD,GBPUSD,H4,64,37.5,-1.63,-3.24,-0.6517,-0.9467,-4.04,0.88,0.4834,0.3297,9837.36
Swing_SR,NZDJPY,H1,63,58.73,-1.39,-2.76,-0.6546,-1.1181,-3.65,0.88,0.2722,0.4394,9861.36
Parabolic_SAR,EURAUD,H4,78,39.74,-2.15,-4.27,-0.7035,-1.0121,-5.1,0.87,0.4521,0.343,9784.73
Parabolic_SAR,USDCAD,H4,73,39.73,-1.36,-2.72,-0.7041,-1.007,-2.72,0.86,0.283,0.2171,9863.67
EMA_Cross,XRPUSD,H4,43,41.86,-11.93,-22.4,-0.7073,-0.7252,-28.69,0.81,3.1212,2.6769,8806.54
Bollinger,USDCHF,H1,178,48.31,-1.9,-3.77,-0.7094,-1.0881,-3.24,0.91,0.2223,0.228,9810.09
Bollinger,USDCHF,H4,41,43.9,-1.75,-3.48,-0.7531,-3.009,-4.32,0.84,0.5061,0.4703,9825.1
MACD,NZDJPY,H4,64,35.94,-2.7,-5.34,-0.7532,-0.8262,-5.88,0.84,0.6081,0.4057,9730.41
MACD,BTCUSD,D1,13,46.15,-6.95,-13.39,-0.7666,-0.3536,-16.11,0.76,3.7397,4.0487,9304.96
Parabolic_SAR,BTCUSD,H4,94,43.62,-15.83,-29.1,-0.783,-0.933,-25.87,0.84,2.2014,1.9822,8417.08
EMA_Cross,GBPUSD,D1,6,33.33,-1.51,-3.0,-0.7834,-1.0317,-2.25,0.62,1.2182,0.98,9849.3
Parabolic_SAR,USDCHF,H4,81,39.51,-2.9,-5.73,-0.7955,-1.3306,-4.04,0.84,0.4786,0.3709,9710.21
EMA_Cross,EURAUD,H4,34,38.24,-1.63,-3.24,-0.8057,-1.2515,-2.22,0.78,0.4444,0.3518,9837.38
RSI,XAGUSD,H1,89,40.45,-16.46,-30.44,-0.8077,-1.1634,-22.34,0.85,2.9825,2.2808,8353.77
Parabolic_SAR,NZDUSD,D1,14,42.86,-3.15,-6.22,-0.8177,-1.0941,-5.52,0.7,1.2446,1.3152,9685.21
EMA_Cross,EURJPY,H4,42,35.71,-2.04,-4.06,-0.8224,-1.0911,-5.4,0.75,0.4089,0.3026,9795.61
RSI,XRPUSD,D1,3,33.33,-14.81,-27.38,-0.8324,-0.2282,-22.08,0.39,9.3297,11.6475,8519.06
Bollinger,USDJPY,D1,5,40.0,-1.6,-3.18,-0.8452,-0.3787,-2.87,0.55,0.9904,1.1857,9840.31
Bollinger,XAGUSD,D1,4,50.0,-6.14,-11.95,-0.858,-0.4434,-13.51,0.72,9.1269,11.186,9385.5
Parabolic_SAR,GBPAUD,H4,66,37.88,-2.31,-4.58,-0.8616,-1.316,-4.06,0.83,0.4418,0.325,9769.32
MACD,XAGUSD,H1,226,38.05,-20.83,-37.59,-0.8651,-1.319,-26.21,0.88,2.0998,1.4249,7916.73
Stochastic,GBPAUD,D1,12,41.67,-2.21,-4.38,-0.8653,-2.9798,-4.25,0.69,1.0347,1.0475,9779.47
Swing_SR,AUDUSD,H4,22,54.55,-2.69,-5.33,-0.8729,-0.5213,-5.34,0.75,0.7073,1.111,9730.74
Parabolic_SAR,XAUUSD,H1,234,40.6,-9.52,-18.28,-0.9188,-1.3015,-20.34,0.9,0.9513,0.7143,9048.26
EMA_Cross,XAUUSD,H1,131,39.69,-6.59,-12.85,-0.9299,-1.0988,-14.28,0.88,0.9655,0.7144,9341.12
MACD,USDJPY,D1,13,30.77,-2.65,-5.24,-0.9437,-1.0627,-5.26,0.65,1.2455,0.8434,9735.48
MACD,GBPCHF,D1,11,27.27,-1.87,-3.72,-0.9652,-1.0236,-3.06,0.62,1.0696,0.6328,9812.91
MACD,EURJPY,H4,52,40.38,-2.23,-4.43,-0.9719,-1.1216,-5.04,0.77,0.368,0.321,9776.8
RSI,AUDUSD,H1,83,43.37,-2.11,-4.19,-0.9782,-1.4346,-4.04,0.85,0.352,0.314,9788.74
EMA_Cross,AUDJPY,H4,38,36.84,-2.58,-5.12,-0.989,-1.1638,-3.45,0.77,0.6107,0.4629,9741.67
Stochastic,EURAUD,H4,58,46.55,-2.55,-5.05,-0.9971,-2.6622,-5.23,0.82,0.4192,0.4465,9744.88
Bollinger,BTCUSD,H4,65,44.62,-18.25,-33.11,-1.007,-1.1233,-24.68,0.76,2.2418,2.3063,8175.16
RSI,EURUSD,H4,20,35.0,-1.39,-2.77,-1.027,-1.9598,-1.84,0.7,0.4772,0.3634,9860.9
Bollinger,ETHUSD,H4,63,39.68,-25.89,-45.01,-1.0271,-1.5291,-31.23,0.74,3.3618,2.8888,7410.97
RSI,GBPCHF,H4,21,42.86,-1.36,-2.72,-1.0279,-1.3227,-2.59,0.72,0.3928,0.4076,9863.6
RSI,ETHUSD,H1,118,44.92,-20.95,-37.45,-1.0902,-1.2266,-31.85,0.79,1.8862,1.8603,7904.88
RSI,BTCUSD,D1,6,50.0,-9.56,-18.17,-1.0963,-0.5623,-16.91,0.56,4.5355,7.4722,9044.01
Stochastic,XRPUSD,D1,10,40.0,-12.87,-24.04,-1.1005,-0.6461,-26.76,0.61,6.5846,6.2841,8713.12
RSI,LTCUSD,D1,4,25.0,-17.7,-32.21,-1.1014,-0.3786,-19.76,0.33,9.0695,8.8988,8230.15
Bollinger,EURGBP,H4,41,48.78,-1.29,-2.57,-1.1112,-1.3143,-1.38,0.74,0.1875,0.2399,9871.03
Bollinger,EURCHF,D1,7,42.86,-1.22,-2.44,-1.1219,-0.4824,-2.49,0.53,0.4727,0.6579,9877.75
Bollinger,NZDJPY,H4,34,41.18,-2.72,-5.38,-1.1308,-1.2743,-3.17,0.73,0.5275,0.5041,9728.13
Parabolic_SAR,AUDJPY,H4,71,40.85,-3.83,-7.53,-1.1316,-1.9349,-8.04,0.82,0.5762,0.488,9617.4
RSI,AUDJPY,H4,18,38.89,-2.13,-4.23,-1.1557,-2.923,-3.25,0.67,0.6304,0.5939,9786.79
RSI,ETHUSD,H4,29,37.93,-19.76,-35.55,-1.1557,-1.1911,-23.93,0.64,3.634,3.3315,8024.21
RSI,NZDJPY,D1,5,20.0,-2.51,-4.98,-1.1579,-1.0474,-4.38,0.43,1.9506,1.1126,9748.76
EMA_Cross,LTCUSD,D1,8,25.0,-14.83,-27.41,-1.1694,-0.7648,-24.74,0.4,6.3847,4.6151,8516.95
Stochastic,BTCUSD,D1,15,33.33,-18.82,-34.04,-1.1822,-1.0615,-28.46,0.59,6.8402,5.2281,8118.09
EMA_Cross,LTCUSD,H4,56,37.5,-19.25,-34.73,-1.2027,-1.2119,-29.14,0.72,2.6549,2.1541,8075.46
EMA_Cross,GBPAUD,H4,34,38.24,-2.18,-4.33,-1.2079,-1.6587,-3.28,0.72,0.4421,0.3774,9781.59
Parabolic_SAR,GBPCHF,D1,16,37.5,-2.78,-5.49,-1.2363,-1.6611,-3.74,0.61,0.7286,0.7137,9722.44
Swing_SR,EURUSD,H1,57,56.14,-1.83,-3.64,-1.2367,-1.3543,-2.31,0.76,0.1874,0.313,9816.92
Bollinger,LTCUSD,D1,8,50.0,-17.58,-32.01,-1.2579,-0.6018,-17.7,0.35,2.7778,7.2476,8242.06
Stochastic,EURAUD,D1,11,36.36,-3.51,-6.91,-1.272,-2.5515,-5.91,0.54,1.1018,1.1284,9649.43
Parabolic_SAR,USDJPY,D1,15,33.33,-3.79,-7.46,-1.2954,-1.4259,-5.88,0.57,1.0148,0.8862,9621.15
RSI,LTCUSD,H1,97,42.27,-20.08,-36.06,-1.2978,-1.4603,-25.31,0.74,1.6126,1.5539,7992.48
Parabolic_SAR,LTCUSD,H4,88,39.77,-25.93,-45.06,-1.3097,-1.5664,-27.79,0.75,2.7147,2.2962,7407.34
Swing_SR,EURAUD,H1,49,63.27,-1.75,-3.47,-1.316,-1.6975,-2.65,0.75,0.1702,0.3899,9825.37
MACD,USDCHF,H1,246,40.65,-4.16,-8.18,-1.3192,-1.7429,-5.51,0.85,0.2341,0.1891,9583.53
Bollinger,XAGUSD,H4,40,32.5,-29.72,-50.72,-1.3217,-1.9933,-34.81,0.66,5.0544,3.573,7028.5
Swing_SR,EURGBP,H4,15,53.33,-1.42,-2.82,-1.3325,-0.7388,-1.89,0.55,0.2203,0.454,9858.36
Bollinger,EURUSD,D1,6,33.33,-1.86,-3.7,-1.3326,-1.9718,-2.75,0.5,0.9576,0.9406,9814.05
Stochastic,GBPCHF,H4,53,45.28,-2.45,-4.85,-1.3343,-1.8307,-3.54,0.76,0.3293,0.3568,9755.12
Bollinger,EURJPY,H4,49,46.94,-2.59,-5.13,-1.3376,-2.5357,-4.01,0.73,0.3138,0.3772,9740.75
MACD,GBPCHF,H4,66,39.39,-2.98,-5.89,-1.3382,-1.7867,-5.16,0.73,0.3191,0.2822,9701.87
EMA_Cross,BTCUSD,H4,50,40.0,-19.22,-34.69,-1.3564,-1.0728,-28.78,0.62,1.969,1.9868,8077.83
Swing_SR,BTCUSD,H4,22,45.45,-18.73,-33.89,-1.37,-1.2306,-29.62,0.56,2.6508,3.8189,8127.39
RSI,EURCHF,D1,5,20.0,-1.76,-3.51,-1.3818,-2.5484,-2.8,0.37,1.0654,0.7072,9823.65
Swing_SR,USDCHF,D1,1,0.0,-2.24,-4.45,-1.3923,0.0,-2.24,0.0,0.0,2.2428,9775.72
Swing_SR,USDCAD,D1,1,0.0,-0.77,-1.54,-1.3923,0.0,-0.77,0.0,0.0,0.7712,9922.88
Swing_SR,USDJPY,D1,1,0.0,-1.16,-2.31,-1.3923,0.0,-1.16,0.0,0.0,1.1582,9884.18
Swing_SR,GBPCHF,D1,1,0.0,-1.16,-2.32,-1.3923,0.0,-1.16,0.0,0.0,1.1634,9883.66
EMA_Cross,GBPCHF,H4,35,37.14,-2.28,-4.53,-1.4023,-1.8207,-3.14,0.68,0.3722,0.3239,9771.82
RSI,USDJPY,H4,31,38.71,-2.79,-5.52,-1.4278,-1.9907,-3.06,0.65,0.4382,0.4238,9721.07
Bollinger,EURCHF,H4,44,47.73,-1.93,-3.85,-1.4344,-2.3331,-2.12,0.7,0.2199,0.2849,9806.51
Parabolic_SAR,EURUSD,D1,12,33.33,-3.34,-6.58,-1.4471,-2.1231,-5.06,0.5,0.8275,0.8316,9666.28
RSI,EURAUD,H4,23,39.13,-2.42,-4.8,-1.4514,-2.4729,-3.09,0.63,0.4647,0.4719,9757.89
RSI,XRPUSD,H1,115,39.13,-26.54,-45.96,-1.4532,-1.8344,-27.39,0.74,1.9189,1.6417,7346.43
Stochastic,GBPJPY,H4,65,49.23,-3.88,-7.63,-1.4536,-2.4252,-6.25,0.75,0.3752,0.4817,9611.98
Parabolic_SAR,GBPUSD,D1,12,25.0,-3.66,-7.22,-1.4963,-0.8877,-5.85,0.45,1.0453,0.7568,9633.52
RSI,EURUSD,H1,81,43.21,-2.08,-4.13,-1.5401,-2.1032,-2.26,0.78,0.2113,0.206,9792.0
EMA_Cross,ETHUSD,H1,172,43.02,-26.24,-45.53,-1.5409,-1.6441,-34.21,0.78,1.4142,1.3577,7375.96
Bollinger,XAGUSD,H1,165,42.42,-32.8,-55.16,-1.552,-2.5381,-40.71,0.77,2.1728,1.9632,6719.85
MACD,CADJPY,H4,62,38.71,-3.92,-7.71,-1.5555,-2.3712,-6.44,0.71,0.3935,0.3525,9607.97
Bollinger,XAUUSD,H1,152,40.13,-17.94,-32.9,-1.5926,-2.1421,-20.58,0.77,1.1762,0.9896,8206.02
Bollinger,AUDUSD,H1,178,45.51,-4.96,-9.7,-1.6268,-2.7545,-6.74,0.82,0.2949,0.2976,9504.31
Swing_SR,USDCHF,H4,8,37.5,-2.27,-4.51,-1.6391,-1.3747,-2.49,0.39,0.4953,0.7527,9772.92
EMA_Cross,CADJPY,D1,9,33.33,-2.97,-5.87,-1.6524,-2.4416,-5.25,0.53,1.1926,1.0892,9702.86
Swing_SR,USDJPY,H1,49,51.02,-2.3,-4.57,-1.6524,-1.3717,-2.72,0.69,0.2115,0.3165,9769.84
EMA_Cross,NZDUSD,H4,42,35.71,-5.03,-9.83,-1.66,-3.3285,-6.01,0.67,0.6902,0.5713,9497.42
Swing_SR,GBPCHF,H1,73,57.53,-2.57,-5.1,-1.6953,-2.2943,-3.02,0.72,0.1578,0.2971,9742.62
Parabolic_SAR,ETHUSD,H4,86,38.37,-38.32,-61.89,-1.6964,-1.9437,-44.59,0.66,3.1385,2.7831,6167.61
RSI,AUDJPY,D1,6,16.67,-4.86,-9.52,-1.7225,-2.2004,-6.98,0.3,2.2751,1.4361,9513.79
Parabolic_SAR,XAGUSD,H1,236,42.8,-41.9,-66.57,-1.7231,-1.7227,-56.95,0.77,1.9913,1.8456,5809.83
EMA_Cross,EURGBP,H4,32,37.5,-1.94,-3.85,-1.7344,-2.2088,-2.2,0.6,0.241,0.2418,9806.45
Stochastic,USDJPY,H4,61,40.98,-4.56,-8.94,-1.7432,-2.6526,-6.4,0.68,0.4005,0.4061,9544.12
EMA_Cross,NZDJPY,D1,14,21.43,-5.48,-10.69,-1.7905,-1.667,-7.26,0.45,1.5473,0.9258,9452.04
Stochastic,AUDJPY,H4,59,37.29,-6.09,-11.85,-1.7936,-3.1843,-9.57,0.7,0.6596,0.5589,9390.72
RSI,XAGUSD,H4,28,35.71,-29.79,-50.82,-1.7981,-1.4998,-33.43,0.52,4.7076,4.3805,7021.13
EMA_Cross,NZDUSD,H1,133,40.6,-5.14,-10.04,-1.8137,-2.0127,-5.78,0.76,0.3138,0.2805,9486.21
RSI,USDCHF,H1,71,39.44,-2.87,-5.69,-1.8206,-2.2992,-3.06,0.73,0.2792,0.2491,9712.53
Parabolic_SAR,CADJPY,H4,63,38.1,-4.31,-8.45,-1.8227,-2.5062,-5.67,0.68,0.3875,0.3501,9569.44
Bollinger,NZDUSD,H4,32,31.25,-5.36,-10.46,-1.8241,-2.7559,-5.39,0.58,0.7472,0.5864,9464.27
Swing_SR,LTCUSD,H4,18,38.89,-25.44,-44.34,-1.8359,-1.417,-28.59,0.42,3.0057,4.4336,7456.27
MACD,EURAUD,H4,63,34.92,-3.87,-7.62,-1.8393,-3.2138,-5.76,0.7,0.4228,0.322,9612.92
EMA_Cross,XAGUSD,H1,137,35.04,-36.49,-59.99,-1.8808,-1.9917,-42.96,0.72,2.3922,1.7597,6351.03
Swing_SR,EURCHF,H4,20,50.0,-2.8,-5.54,-1.883,-1.8387,-3.09,0.49,0.2782,0.5598,9720.21
Parabolic_SAR,AUDUSD,D1,14,28.57,-6.62,-12.83,-1.8935,-1.8583,-8.53,0.43,1.3361,1.2059,9338.45
RSI,EURAUD,H1,74,45.95,-3.1,-6.12,-1.9023,-2.412,-3.24,0.69,0.2107,0.2572,9689.98
EMA_Cross,ETHUSD,H4,50,34.0,-32.37,-54.19,-1.9063,-2.6571,-37.03,0.57,3.0513,2.6874,6762.94
Stochastic,GBPAUD,H4,58,43.1,-4.67,-9.15,-1.955,-2.9959,-5.59,0.68,0.4057,0.4505,9532.93
Swing_SR,XAUUSD,H1,46,56.52,-13.13,-24.72,-1.9678,-1.3958,-16.92,0.58,0.7821,1.6955,8687.28
Parabolic_SAR,ETHUSD,D1,14,21.43,-38.71,-62.37,-1.9705,-1.1012,-38.55,0.3,7.296,6.0981,6128.57
MACD,CADJPY,D1,15,20.0,-5.15,-10.06,-1.9894,-1.5708,-5.23,0.4,1.2039,0.7359,9485.27
EMA_Cross,AUDUSD,H1,139,40.29,-4.85,-9.5,-2.0104,-2.1835,-8.05,0.78,0.3095,0.2679,9514.94
MACD,USDCHF,H4,60,35.0,-4.65,-9.12,-2.0216,-4.1113,-5.79,0.67,0.4673,0.3724,9534.61
Parabolic_SAR,GBPJPY,H4,67,40.3,-5.02,-9.83,-2.0314,-3.0942,-6.59,0.66,0.3718,0.3784,9497.67
MACD,XRPUSD,H1,306,39.87,-44.1,-68.68,-2.0796,-2.8659,-44.81,0.76,1.5221,1.3037,5589.71
RSI,NZDUSD,H1,80,41.25,-4.24,-8.33,-2.0812,-3.1857,-4.61,0.72,0.3315,0.324,9575.72
Stochastic,CADJPY,H4,55,41.82,-5.18,-10.13,-2.0966,-3.1721,-6.93,0.62,0.3874,0.4432,9481.61
RSI,AUDJPY,H1,84,41.67,-4.66,-9.12,-2.1438,-2.4035,-4.73,0.69,0.3051,0.3143,9534.5
Bollinger,CADJPY,H4,36,38.89,-4.01,-7.88,-2.1441,-3.2972,-6.14,0.54,0.3496,0.4068,9599.44
Parabolic_SAR,LTCUSD,D1,16,31.25,-36.85,-60.05,-2.157,-1.844,-44.32,0.38,5.265,6.2606,6314.55
RSI,NZDJPY,H1,71,40.85,-4.44,-8.72,-2.1806,-2.2208,-4.71,0.65,0.2908,0.3082,9555.51
EMA_Cross,USDJPY,H1,120,39.17,-4.11,-8.09,-2.2031,-2.2608,-4.11,0.7,0.2125,0.194,9588.58
MACD,AUDUSD,H1,233,39.91,-5.77,-11.24,-2.2237,-3.2209,-6.37,0.82,0.2959,0.2383,9423.39
Swing_SR,XAGUSD,H4,12,25.0,-25.81,-45.07,-2.2831,-1.7466,-30.7,0.32,4.716,4.7159,7419.34
Stochastic,XAGUSD,H1,217,43.32,-51.0,-76.3,-2.2872,-3.0295,-55.49,0.7,2.1736,2.185,4899.96
RSI,USDCAD,H4,27,29.63,-2.69,-5.33,-2.3343,-7.2956,-2.98,0.5,0.3454,0.2885,9730.54
Stochastic,EURGBP,H4,47,42.55,-3.09,-6.1,-2.3486,-7.4058,-3.21,0.58,0.2195,0.2781,9691.41
Bollinger,EURUSD,H1,182,43.96,-4.62,-9.05,-2.3743,-3.6315,-5.95,0.75,0.1783,0.1858,9538.13
Swing_SR,AUDJPY,H1,62,48.39,-6.13,-11.93,-2.4022,-2.5598,-6.36,0.58,0.289,0.467,9386.55
EMA_Cross,XRPUSD,H1,185,38.38,-38.94,-62.64,-2.424,-2.6332,-42.38,0.66,1.4343,1.307,6105.75
Bollinger,LTCUSD,H1,228,45.18,-46.41,-71.2,-2.5309,-3.0118,-48.81,0.66,1.24,1.4982,5359.26
Parabolic_SAR,GBPUSD,H4,72,31.94,-7.01,-13.58,-2.5563,-3.579,-7.38,0.59,0.4513,0.359,9298.53
Bollinger,GBPAUD,H4,42,42.86,-5.16,-10.09,-2.6243,-3.8175,-5.71,0.49,0.2776,0.4276,9483.65
Stochastic,EURAUD,H1,225,50.67,-6.62,-12.84,-2.6731,-3.7086,-6.62,0.75,0.1813,0.2473,9338.05
Parabolic_SAR,EURCHF,H4,73,38.36,-4.55,-8.92,-2.6752,-3.9352,-5.07,0.6,0.2499,0.2584,9544.98
RSI,GBPAUD,H1,77,41.56,-4.52,-8.86,-2.688,-2.7621,-4.75,0.6,0.2194,0.2582,9548.47
Swing_SR,ETHUSD,H1,72,48.61,-43.11,-67.56,-2.6928,-2.0479,-45.53,0.49,1.4744,2.8521,5689.2
RSI,USDJPY,H1,70,35.71,-4.24,-8.32,-2.6973,-3.5253,-4.31,0.59,0.2457,0.2322,9576.23
Bollinger,NZDUSD,H1,178,43.82,-8.31,-15.99,-2.706,-5.3048,-8.71,0.71,0.2718,0.2978,9168.56
Parabolic_SAR,ETHUSD,H1,310,40.97,-51.37,-76.28,-2.7361,-3.5969,-54.45,0.72,1.5334,1.4345,4862.99
RSI,GBPAUD,H4,27,25.93,-4.67,-9.15,-2.7407,-3.2556,-4.65,0.43,0.5259,0.4216,9533.17
Stochastic,EURCHF,D1,10,30.0,-4.02,-7.9,-2.7512,-7.5935,-4.22,0.24,0.4397,0.7706,9598.34
EMA_Cross,AUDUSD,H4,43,25.58,-8.1,-15.59,-2.759,-4.6404,-8.57,0.48,0.7324,0.5132,9190.05
Bollinger,EURAUD,H1,167,45.51,-6.4,-12.43,-2.7653,-4.6751,-6.45,0.68,0.1861,0.2276,9360.25
Swing_SR,LTCUSD,H1,86,48.84,-36.83,-60.03,-2.785,-3.5216,-37.2,0.52,1.2174,2.1686,6316.6
Swing_SR,BTCUSD,H1,68,48.53,-30.43,-51.53,-2.8534,-2.7686,-30.66,0.5,1.0436,1.9906,6956.71
RSI,CADJPY,H1,70,44.29,-4.19,-8.23,-2.8671,-2.84,-4.48,0.59,0.2028,0.2703,9581.27
Swing_SR,CADJPY,H1,60,55.0,-4.07,-7.99,-2.8873,-3.7028,-4.16,0.54,0.1494,0.3355,9593.47
MACD,GBPAUD,H4,62,32.26,-6.41,-12.44,-2.9084,-4.0514,-6.74,0.56,0.4332,0.3627,9359.41
EMA_Cross,EURGBP,D1,11,18.18,-4.08,-8.02,-2.9274,-4.7199,-4.66,0.22,0.6008,0.5943,9591.85
Parabolic_SAR,AUDUSD,H1,277,38.63,-9.32,-17.82,-2.9274,-3.7729,-10.58,0.76,0.3001,0.2457,9068.19
Bollinger,GBPUSD,H1,175,46.29,-6.26,-12.16,-2.9355,-4.6978,-7.06,0.7,0.1851,0.2278,9374.12
RSI,EURJPY,H1,74,43.24,-4.1,-8.06,-2.9388,-3.0486,-4.72,0.58,0.18,0.2364,9589.94
EMA_Cross,AUDJPY,H1,146,39.73,-8.14,-15.66,-2.9567,-3.0559,-10.0,0.66,0.2827,0.282,9186.16
MACD,EURCHF,H4,62,38.71,-4.88,-9.56,-2.9573,-4.8524,-7.02,0.53,0.2428,0.2845,9511.5
EMA_Cross,GBPJPY,H4,45,33.33,-6.59,-12.79,-3.0046,-4.3358,-7.43,0.47,0.4163,0.4339,9340.99
MACD,EURGBP,H4,56,33.93,-3.81,-7.5,-3.0197,-4.1607,-4.56,0.52,0.2244,0.2198,9619.19
Stochastic,GBPCHF,D1,11,18.18,-6.26,-12.17,-3.0403,-6.0145,-6.2,0.17,0.6896,0.8665,9374.11
Stochastic,LTCUSD,D1,9,11.11,-33.96,-56.31,-3.0797,-1.4556,-38.84,0.13,7.9922,5.9247,6604.46
Swing_SR,GBPCHF,H4,18,38.89,-5.17,-10.1,-3.1238,-2.7211,-5.17,0.29,0.3037,0.6728,9483.27
Stochastic,ETHUSD,H1,261,42.15,-60.69,-84.49,-3.1386,-3.9287,-61.54,0.62,1.5131,1.6916,3931.15
EMA_Cross,BTCUSD,H1,196,37.24,-39.83,-63.72,-3.1652,-3.2639,-41.33,0.6,1.1151,1.0636,6016.92
Stochastic,EURUSD,H1,238,45.38,-6.76,-13.1,-3.1849,-4.544,-6.76,0.73,0.1749,0.1987,9324.46
Parabolic_SAR,XRPUSD,H1,331,40.18,-54.82,-79.52,-3.1852,-4.1887,-55.39,0.71,1.4667,1.364,4518.22
MACD,EURUSD,H1,229,39.74,-6.42,-12.47,-3.1978,-4.052,-7.43,0.7,0.1689,0.1592,9357.98
Stochastic,XRPUSD,H1,306,42.81,-61.67,-85.25,-3.1997,-3.8551,-62.28,0.65,1.4818,1.6305,3832.61
Swing_SR,AUDJPY,H4,11,18.18,-7.84,-15.11,-3.228,-1.8219,-8.23,0.1,0.4504,1.0004,9215.9
RSI,EURCHF,H1,50,42.0,-2.67,-5.29,-3.2536,-3.01,-2.73,0.51,0.1335,0.1898,9732.79
Bollinger,NZDJPY,H1,151,46.36,-7.79,-15.02,-3.2604,-5.5531,-8.08,0.65,0.2125,0.2831,9220.84
MACD,GBPJPY,D1,15,13.33,-7.25,-14.02,-3.2628,-2.6897,-7.1,0.2,0.932,0.7185,9274.96
Bollinger,USDJPY,H1,163,43.56,-5.97,-11.62,-3.284,-5.0576,-6.77,0.66,0.1659,0.1945,9403.29
RSI,GBPCHF,H1,59,38.98,-3.82,-7.53,-3.2896,-4.6994,-4.32,0.54,0.2008,0.2362,9617.62
Stochastic,XAUUSD,H1,217,40.55,-31.13,-52.88,-3.2915,-4.044,-35.27,0.68,0.959,0.9327,6887.44
Swing_SR,EURAUD,H4,9,11.11,-5.09,-9.95,-3.3174,-3.3343,-5.33,0.08,0.418,0.702,9491.23
Stochastic,USDCAD,H4,67,35.82,-5.67,-11.05,-3.3312,-9.1792,-6.49,0.54,0.2871,0.2953,9433.0
EMA_Cross,GBPJPY,D1,11,9.09,-7.47,-14.43,-3.3415,-3.7066,-7.32,0.13,1.1581,0.8871,9252.88
MACD,NZDJPY,D1,14,14.29,-10.9,-20.68,-3.4357,-3.9968,-12.43,0.19,1.3914,1.1848,8909.5
MACD,GBPUSD,H1,234,38.89,-8.29,-15.93,-3.4931,-4.3159,-8.6,0.68,0.2001,0.1875,9171.47
MACD,EURJPY,D1,17,11.76,-7.94,-15.29,-3.5026,-3.5385,-7.72,0.2,1.0456,0.6873,9206.2
Stochastic,GBPAUD,H1,222,47.3,-8.33,-16.02,-3.5133,-5.0092,-9.25,0.7,0.187,0.2417,9166.93
Parabolic_SAR,EURUSD,H1,264,39.77,-8.48,-16.3,-3.5235,-4.7672,-9.25,0.66,0.169,0.1671,9151.76
EMA_Cross,GBPJPY,H1,114,44.74,-6.87,-13.31,-3.5439,-4.1664,-7.52,0.54,0.1666,0.2474,9312.96
Stochastic,NZDJPY,H1,231,44.59,-11.09,-21.02,-3.5895,-4.994,-11.85,0.69,0.2539,0.2954,8890.83
Swing_SR,EURGBP,H1,58,51.72,-3.34,-6.58,-3.5997,-4.1755,-3.52,0.41,0.0801,0.2067,9666.44
Bollinger,XRPUSD,H1,229,42.79,-59.47,-83.52,-3.6162,-4.8888,-59.51,0.58,1.3169,1.6472,4052.57
EMA_Cross,USDCAD,H1,129,38.76,-4.66,-9.14,-3.6376,-3.7776,-4.84,0.58,0.1337,0.1449,9533.73
Bollinger,USDCAD,H4,43,34.88,-4.87,-9.54,-3.6502,-8.161,-5.24,0.4,0.226,0.2988,9512.84
Parabolic_SAR,USDCHF,H1,288,36.46,-8.74,-16.77,-3.6566,-5.5606,-10.23,0.72,0.2254,0.1789,9126.08
Bollinger,AUDJPY,H1,156,40.38,-10.56,-20.07,-3.6625,-5.8314,-10.94,0.59,0.2564,0.2929,8943.85
Stochastic,GBPUSD,H1,216,44.91,-8.09,-15.57,-3.6634,-4.7044,-8.27,0.7,0.2048,0.2373,9191.14
RSI,BTCUSD,H1,120,35.83,-39.98,-63.9,-3.6726,-4.5094,-40.04,0.52,1.2462,1.3429,6002.21
EMA_Cross,CADJPY,H1,144,40.28,-7.15,-13.83,-3.719,-3.8582,-7.7,0.58,0.1727,0.2024,9285.05
Bollinger,USDCAD,D1,7,0.0,-4.63,-9.07,-3.7392,-6.0918,-4.63,0.0,0.0,0.6748,9537.05
EMA_Cross,EURUSD,H1,143,37.06,-6.0,-11.69,-3.796,-4.9016,-6.56,0.6,0.1784,0.1736,9399.6
Bollinger,GBPAUD,H1,170,46.47,-7.72,-14.88,-3.8068,-5.1905,-8.14,0.61,0.1567,0.2238,9228.33
Stochastic,AUDJPY,H1,239,43.1,-12.59,-23.67,-3.8108,-5.563,-13.85,0.67,0.2769,0.3078,8740.78
RSI,GBPJPY,H1,78,39.74,-7.0,-13.56,-3.8509,-3.6892,-7.17,0.44,0.1845,0.2757,9299.51
EMA_Cross,EURAUD,H1,149,39.6,-8.64,-16.59,-3.9348,-4.1621,-9.21,0.55,0.1874,0.2229,9135.93
Stochastic,BTCUSD,H1,291,42.96,-57.86,-82.18,-3.9511,-4.9972,-57.81,0.62,1.0469,1.2933,4214.45
EMA_Cross,EURJPY,D1,15,13.33,-8.67,-16.64,-3.9512,-3.465,-8.85,0.13,0.7083,0.8021,9133.25
Parabolic_SAR,USDJPY,H1,261,35.25,-9.95,-18.97,-3.9581,-5.6808,-10.32,0.64,0.1973,0.1691,9004.75
Parabolic_SAR,GBPJPY,D1,14,7.14,-9.61,-18.35,-4.0066,-4.0994,-9.46,0.1,1.1581,0.8613,9039.24
Parabolic_SAR,EURGBP,H4,73,31.51,-6.29,-12.23,-4.0436,-5.1085,-7.33,0.45,0.2324,0.2365,9370.65
MACD,NZDUSD,H1,234,36.32,-12.74,-23.93,-4.1226,-5.4979,-13.02,0.65,0.2955,0.2594,8725.73
Swing_SR,USDCAD,H1,60,40.0,-4.59,-9.0,-4.1678,-4.9481,-5.04,0.42,0.1408,0.2241,9540.78
MACD,LTCUSD,H1,351,34.19,-68.89,-90.27,-4.2728,-5.2251,-69.55,0.6,1.3501,1.1916,3111.07
EMA_Cross,GBPUSD,H1,145,35.86,-8.56,-16.44,-4.3306,-5.0607,-9.52,0.54,0.1977,0.2064,9143.85
EMA_Cross,GBPAUD,H1,146,37.67,-9.6,-18.33,-4.3822,-4.88,-10.13,0.52,0.1984,0.2303,9040.15
Parabolic_SAR,EURJPY,D1,14,7.14,-9.51,-18.17,-4.386,-4.7926,-9.51,0.08,0.9057,0.834,9049.3
Parabolic_SAR,BTCUSD,H1,328,39.02,-59.48,-83.52,-4.3965,-6.3024,-59.64,0.62,1.0849,1.133,4052.4
Stochastic,USDJPY,H1,229,41.05,-10.24,-19.49,-4.4386,-5.7317,-10.5,0.63,0.1939,0.2146,8976.05
EMA_Cross,USDCHF,H1,146,30.82,-10.35,-19.69,-4.4876,-4.4216,-10.52,0.5,0.2503,0.2193,8965.18
EMA_Cross,EURJPY,H1,140,40.0,-8.58,-16.48,-4.4876,-4.7182,-8.8,0.47,0.1437,0.2024,9141.56
MACD,ETHUSD,H1,304,34.54,-67.82,-89.6,-4.5184,-5.9459,-68.48,0.57,1.5132,1.3483,3217.72
RSI,USDCAD,H1,83,32.53,-5.19,-10.13,-4.5714,-4.6461,-5.27,0.42,0.1419,0.1633,9481.48
Parabolic_SAR,GBPUSD,H1,272,39.71,-10.09,-19.22,-4.5876,-5.8841,-10.28,0.65,0.1889,0.1889,8990.91
Bollinger,ETHUSD,H1,225,38.67,-68.1,-89.77,-4.653,-5.6282,-68.66,0.48,1.3144,1.6319,3190.22
Parabolic_SAR,AUDJPY,H1,277,38.27,-16.2,-29.86,-4.768,-5.7474,-16.69,0.61,0.2601,0.2639,8380.07
EMA_Cross,NZDJPY,H1,156,34.62,-12.48,-23.48,-4.7965,-5.0547,-12.93,0.51,0.2617,0.2687,8751.75
Parabolic_SAR,NZDUSD,H1,292,36.99,-16.35,-30.1,-4.8004,-7.1428,-17.08,0.63,0.2894,0.2661,8365.48
RSI,EURGBP,H1,64,39.06,-4.35,-8.54,-4.9181,-6.9837,-4.48,0.37,0.1057,0.1816,9565.07
Stochastic,NZDUSD,H1,257,41.25,-16.48,-30.32,-5.0206,-6.6728,-16.63,0.62,0.2819,0.3162,8352.47
MACD,AUDJPY,H1,233,36.91,-15.24,-28.24,-5.0761,-6.1757,-16.27,0.58,0.2624,0.2654,8475.9
EMA_Cross,LTCUSD,H1,210,30.95,-67.01,-89.07,-5.1452,-5.5491,-68.0,0.41,1.2137,1.2953,3299.22
Bollinger,CADJPY,H1,172,41.86,-10.03,-19.11,-5.1623,-8.1528,-10.03,0.5,0.1491,0.2126,8997.18
MACD,USDJPY,H1,269,30.11,-12.38,-23.29,-5.4805,-7.3325,-12.5,0.54,0.1903,0.152,8762.41
Parabolic_SAR,LTCUSD,H1,351,34.19,-76.04,-94.23,-5.5059,-6.9027,-76.77,0.5,1.2774,1.266,2395.83
Stochastic,USDCHF,H1,231,38.96,-13.07,-24.5,-5.5066,-8.0829,-13.05,0.58,0.2175,0.2377,8693.23
MACD,BTCUSD,H1,337,35.91,-64.28,-87.18,-5.5346,-7.0989,-64.14,0.58,1.0648,1.0617,3572.27
MACD,USDCAD,H1,245,36.73,-7.84,-15.12,-5.5444,-6.9152,-8.1,0.58,0.1254,0.1254,9215.52
MACD,NZDJPY,H1,235,34.04,-16.97,-31.15,-5.5561,-6.4951,-17.41,0.53,0.2583,0.2527,8303.1
Bollinger,BTCUSD,H1,226,34.51,-63.97,-86.96,-5.6495,-8.0952,-63.93,0.45,1.0723,1.2412,3603.2
Stochastic,EURJPY,H1,225,42.67,-11.96,-22.55,-5.6621,-8.2683,-12.05,0.55,0.1616,0.2186,8804.4
Bollinger,USDCAD,H1,175,37.14,-7.75,-14.95,-5.822,-8.8645,-7.95,0.5,0.1231,0.1459,9224.76
MACD,EURAUD,H1,249,35.74,-15.26,-28.28,-5.8478,-7.1699,-15.54,0.49,0.1782,0.2023,8473.7
Bollinger,EURJPY,H1,162,40.74,-9.87,-18.83,-5.8806,-8.294,-9.95,0.47,0.138,0.2028,9012.5
Parabolic_SAR,EURAUD,H1,299,36.79,-15.91,-29.37,-6.0067,-7.2831,-16.62,0.53,0.1778,0.1948,8408.88
Stochastic,CADJPY,H1,226,38.05,-14.12,-26.33,-6.0622,-8.5745,-14.14,0.53,0.1976,0.2297,8587.61
Parabolic_SAR,USDCAD,H1,296,37.5,-10.66,-20.25,-6.1053,-7.4435,-11.04,0.56,0.1317,0.1398,8933.99
EMA_Cross,EURCHF,H1,134,35.82,-8.48,-16.29,-6.1785,-7.089,-8.54,0.36,0.1031,0.1604,9152.02
Parabolic_SAR,NZDJPY,H1,277,35.74,-19.73,-35.67,-6.1838,-8.86,-20.03,0.52,0.245,0.2592,8026.61
Stochastic,GBPJPY,H1,220,43.64,-14.68,-27.29,-6.2064,-8.9073,-14.89,0.51,0.1704,0.2595,8531.71
Stochastic,USDCAD,H1,223,36.77,-10.43,-19.83,-6.4075,-8.2064,-10.78,0.5,0.1311,0.1542,8957.29
Parabolic_SAR,GBPAUD,H1,275,37.09,-16.61,-30.55,-6.4309,-8.3826,-17.29,0.5,0.1809,0.2113,8338.85
MACD,GBPAUD,H1,243,34.16,-13.67,-25.55,-6.521,-9.7593,-14.51,0.52,0.1897,0.1899,8632.92
EMA_Cross,GBPCHF,H1,172,31.98,-12.71,-23.88,-6.5226,-7.0695,-12.99,0.38,0.1521,0.1875,8728.99
Stochastic,EURCHF,H1,221,45.7,-10.03,-19.11,-6.5307,-9.2655,-9.92,0.5,0.105,0.1763,8997.07
MACD,CADJPY,H1,243,33.33,-15.01,-27.84,-6.7623,-8.5647,-15.04,0.46,0.1699,0.185,8499.24
MACD,EURJPY,H1,243,37.45,-12.76,-23.96,-6.793,-8.7091,-12.9,0.49,0.1457,0.1768,8723.9
Bollinger,GBPCHF,H1,197,37.06,-12.23,-23.03,-7.1682,-9.2126,-12.16,0.37,0.1039,0.1661,8777.14
Stochastic,GBPCHF,H1,208,43.27,-11.02,-20.89,-7.2563,-10.5177,-11.02,0.54,0.1497,0.2128,8897.95
EMA_Cross,EURGBP,H1,158,34.81,-9.85,-18.79,-7.2569,-8.4277,-9.89,0.3,0.0817,0.1442,9015.01
Bollinger,GBPJPY,H1,169,35.5,-14.99,-27.82,-7.5485,-9.8802,-14.95,0.35,0.1438,0.2278,8500.87
Bollinger,EURCHF,H1,176,36.36,-9.84,-18.78,-7.6031,-9.837,-9.82,0.35,0.0873,0.1422,9015.56
Stochastic,EURGBP,H1,193,44.04,-9.6,-18.34,-7.6516,-10.3522,-9.6,0.42,0.0855,0.1606,9039.96
MACD,GBPJPY,H1,278,32.01,-22.74,-40.41,-8.437,-9.9373,-22.81,0.37,0.1629,0.2129,7726.26
Parabolic_SAR,CADJPY,H1,277,34.3,-20.77,-37.33,-8.567,-10.0458,-21.08,0.39,0.1525,0.2072,7922.63
MACD,GBPCHF,H1,266,28.95,-20.36,-36.67,-9.1276,-11.5346,-20.46,0.33,0.1428,0.1784,7964.29
Parabolic_SAR,GBPJPY,H1,281,36.65,-22.6,-40.2,-9.2617,-11.2253,-22.67,0.39,0.1546,0.233,7740.02
Parabolic_SAR,EURJPY,H1,278,34.17,-19.53,-35.34,-9.5977,-11.6436,-19.78,0.38,0.1403,0.1913,8046.95
MACD,EURCHF,H1,266,30.83,-16.6,-30.54,-9.7554,-12.6295,-16.6,0.32,0.1037,0.1447,8339.65
Bollinger,EURGBP,H1,176,33.52,-10.76,-20.43,-9.8362,-11.5437,-10.91,0.25,0.0643,0.1296,8923.58
Parabolic_SAR,GBPCHF,H1,293,29.01,-23.28,-41.25,-9.9285,-12.1864,-23.5,0.33,0.1505,0.1887,7671.83
Parabolic_SAR,EURCHF,H1,285,29.82,-20.32,-36.62,-11.489,-13.6251,-20.52,0.28,0.1045,0.1579,7967.5
MACD,EURGBP,H1,289,28.72,-18.64,-33.9,-11.6527,-13.5102,-18.72,0.25,0.0796,0.1321,8135.81
Parabolic_SAR,EURGBP,H1,294,30.27,-19.41,-35.15,-13.3305,-16.9247,-19.41,0.26,0.0856,0.1423,8059.22
